Title,Summary,Case type,Market sector,Outcome type,Closed date,Archive URL
Nuclear Management Partners Ltd / Sellafield Ltd ,OFT closed case: Anticipated contract award to Nuclear Management Partners Limited as the Parent Body Organisation for Sellafield Limited ,Mergers,Energy,Mergers - phase 1 found not to qualify,23-Oct-08,http://webarchive.nationalarchives.gov.uk/20140402142426/http://www.oft.gov.uk/OFTwork/mergers/Mergers_Cases/2008/Nuclear
EirGrid plc / SONI Ltd ,OFT closed case: Anticipated acquisition by EirGrid plc of SONI Limited ,Mergers,Energy,Mergers - phase 1 found not to qualify,17-Oct-08,http://webarchive.nationalarchives.gov.uk/20140402142426/http://www.oft.gov.uk/OFTwork/mergers/Mergers_Cases/2008/EriGrid
Universal Music Publishing Ltd / Big Life Music Ltd ,OFT closed case: Completed acquisition by Universal Music Publishing Limited of Big Life Music Limited ,Mergers,Paper printing and packaging,Mergers - phase 1 found not to qualify,9-Jul-08,http://webarchive.nationalarchives.gov.uk/20140402142426/http://www.oft.gov.uk/OFTwork/mergers/Mergers_Cases/2008/Universal
BUPA Group / Cromwell Hospital ,OFT closed case: Completed acquisition by the BUPA Group of the Cromwell Hospital ,Mergers,Healthcare and medical equipment,Mergers - phase 1 found not to qualify,24-Jun-08,http://webarchive.nationalarchives.gov.uk/20140402142426/http://www.oft.gov.uk/OFTwork/mergers/Mergers_Cases/2008/BUPA
GFI Group Inc / Trayport Ltd ,OFT closed case: Completed acquisition by GFI Group Inc of Trayport Limited ,Mergers,Financial services,Mergers - phase 1 found not to qualify,28-May-08,http://webarchive.nationalarchives.gov.uk/20140402142426/http://www.oft.gov.uk/OFTwork/mergers/Mergers_Cases/2008/GFI
Kaplan Financial Ltd / Hawksmere Ltd ,OFT closed case: Completed acquisition by Kaplan Financial Ltd of Hawksmere Ltd ,Mergers,Communications,Mergers - phase 1 found not to qualify,10-Apr-08,http://webarchive.nationalarchives.gov.uk/20140402142426/http://www.oft.gov.uk/OFTwork/mergers/Mergers_Cases/2008/Kaplan
Cascades Italia SrL / Reno de Medici SpA ,OFT closed case: Anticipated merger between Cascades Italia SrL and Reno de Medici SpA ,Mergers,Paper printing and packaging,Mergers - phase 1 found not to qualify,22-Feb-08,http://webarchive.nationalarchives.gov.uk/20140402142426/http://www.oft.gov.uk/OFTwork/mergers/Mergers_Cases/2008/Cascades
Nokia Siemens Networks UK Ltd / Apertio Ltd ,OFT closed case: Anticipated acquisition by Nokia Siemens Networks UK Limited of Apertio Limited ,Mergers,Telecommunications,Mergers - phase 1 found not to qualify,12-Feb-08,http://webarchive.nationalarchives.gov.uk/20140402142426/http://www.oft.gov.uk/OFTwork/mergers/Mergers_Cases/2008/Nokia
Metrobus Ltd / FirstGroup in Orpington ,OFT closed case: Completed acquisition by Metrobus Limited of the bus operations of FirstGroup in Orpington ,Mergers,Transport,Mergers - phase 1 found not to qualify,18-Jan-08,http://webarchive.nationalarchives.gov.uk/20140402142426/http://www.oft.gov.uk/OFTwork/mergers/Mergers_Cases/2008/Metrobus
Tesco Stores Ltd / Brian Ford Discount Stores Ltd ,OFT closed case: Completed acquisition by Tesco Stores Limited of Brian Ford Discount Store Limited ,Mergers,Retail and wholesale,Mergers - phase 1 clearance,22-Dec-08,http://webarchive.nationalarchives.gov.uk/20140402142426/http://www.oft.gov.uk/OFTwork/mergers/Mergers_Cases/2008/tesco-brianford
Republic Technologies International SAS / Swedish Match UK Ltd ,OFT closed case: Anticipated acquisition by Republic Technologies International SAS of Swedish Match UK Limited ,Mergers,Retail and wholesale,Mergers - phase 1 clearance,19-Dec-08,http://webarchive.nationalarchives.gov.uk/20140402142426/http://www.oft.gov.uk/OFTwork/mergers/Mergers_Cases/2008/republic-technologies
Goodrich Corporation / Rolls-Royce plc ,OFT closed case: Anticipated joint venture between Goodrich Corporation and Rolls-Royce plc ,Mergers,Transport,Mergers - phase 1 clearance,8-Dec-08,http://webarchive.nationalarchives.gov.uk/20140402142426/http://www.oft.gov.uk/OFTwork/mergers/Mergers_Cases/2008/goodrich
Nationwide Building Society / Derbyshire Building Society ,OFT closed case: Anticipated acquisition by Nationwide Building Society of Derbyshire Building Society ,Mergers,Financial services,Mergers - phase 1 clearance,19-Nov-08,http://webarchive.nationalarchives.gov.uk/20140402142426/http://www.oft.gov.uk/OFTwork/mergers/Mergers_Cases/2008/nationwide-derbyshire
Nationwide Building Society / Cheshire Building Society ,OFT closed case: Anticipated acquisition by Nationwide Building Society of Cheshire Building Society ,Mergers,Financial services,Mergers - phase 1 clearance,19-Nov-08,http://webarchive.nationalarchives.gov.uk/20140402142426/http://www.oft.gov.uk/OFTwork/mergers/Mergers_Cases/2008/nationwide-cheshire
Aon Corporation / Benfield Group Ltd ,OFT closed case: Anticipated acquisition by Aon Corporation of Benfield Group Limited ,Mergers,Financial services,Mergers - phase 1 clearance,18-Nov-08,http://webarchive.nationalarchives.gov.uk/20140402142426/http://www.oft.gov.uk/OFTwork/mergers/Mergers_Cases/2008/aon-benfield
"InBev NV/SA / Anheuser-Busch Companies, Inc ","OFT closed case: Anticipated acquisition by InBev NV/SA of Anheuser-Busch Companies, Inc",Mergers,Retail and wholesale,Mergers - phase 1 clearance,18-Nov-08,http://webarchive.nationalarchives.gov.uk/20140402142426/http://www.oft.gov.uk/OFTwork/mergers/Mergers_Cases/2008/AnheuserBusch
Orbital Marketing Services Group Ltd / Ocean Park Ltd ,OFT closed case: Anticipated acquisition by Orbital Marketing Services Group Limited of Ocean Park Limited ,Mergers,Paper printing and packaging,Mergers - phase 1 clearance,14-Nov-08,http://webarchive.nationalarchives.gov.uk/20140402142426/http://www.oft.gov.uk/OFTwork/mergers/Mergers_Cases/2008/orbital
Arriva plc / KMP (Llanberis) Ltd ,OFT closed case: Completed acquisition by Arriva plc of certain assets of K.M.P. (Llanberis) Limited ,Mergers,Transport,Mergers - phase 1 clearance,7-Nov-08,http://webarchive.nationalarchives.gov.uk/20140402142426/http://www.oft.gov.uk/OFTwork/mergers/Mergers_Cases/2008/Arriva-KMP
Northgate Information Solutions UK Ltd / Anite Public Sector Holdings Ltd ,OFT closed case: Anticipated acquisition by Northgate Information Solutions UK Limited of Anite Public Sector Holdings Limited ,Mergers,Electronics Industry,Mergers - phase 1 clearance,27-Oct-08,http://webarchive.nationalarchives.gov.uk/20140402142426/http://www.oft.gov.uk/OFTwork/mergers/Mergers_Cases/2008/Northgate
Grainfarmers / Centaur Grain ,OFT closed case: Anticipated merger between Grainfarmers Group and Centaur Grain Group ,Mergers,"Agriculture, environment and natural resources",Mergers - phase 1 clearance,20-Oct-08,http://webarchive.nationalarchives.gov.uk/20140402142426/http://www.oft.gov.uk/OFTwork/mergers/Mergers_Cases/2008/Grainfarmers
Stagecoach Group plc / Highland Country Buses Ltd / Orkney Coaches Ltd ,OFT closed case: Completed acquisition by Stagecoach Group plc of Highland Country Buses Limited and Orkney Coaches Limited ,Mergers,Transport,Mergers - phase 1 clearance,17-Oct-08,http://webarchive.nationalarchives.gov.uk/20140402142426/http://www.oft.gov.uk/OFTwork/mergers/Mergers_Cases/2008/stagecoach2
Chiral Technologies Europe SAS / Chromtech Ltd ,OFT closed case: Anticipated acquisition by Chiral Technologies Europe SAS of Chromtech Limited ,Mergers,Electronics Industry,Mergers - phase 1 clearance,24-Sep-08,http://webarchive.nationalarchives.gov.uk/20140402142426/http://www.oft.gov.uk/OFTwork/mergers/Mergers_Cases/2008/Chiral
Thales UK Ltd / nCipher plc ,OFT closed case: Anticipated acquisition by Thales UK Limited of nCipher plc ,Mergers,Electronics Industry,Mergers - phase 1 clearance,23-Sep-08,http://webarchive.nationalarchives.gov.uk/20140402142426/http://www.oft.gov.uk/OFTwork/mergers/Mergers_Cases/2008/Thales
Moto Hospitality Ltd / First Motorway Services Ltd ,OFT closed case: Anticipated acquisition by Moto Hospitality Limited of First Motorway Services Limited ,Mergers,Transport,Mergers - phase 1 clearance,22-Sep-08,http://webarchive.nationalarchives.gov.uk/20140402142426/http://www.oft.gov.uk/OFTwork/mergers/Mergers_Cases/2008/Moto
Stagecoach Bus Holdings Ltd / Cavalier Contracts Ltd ,OFT closed case: Completed acquisition by Stagecoach Bus Holdings Limited of Cavalier Contracts Limited ,Mergers,Transport,Mergers - phase 1 clearance,18-Sep-08,http://webarchive.nationalarchives.gov.uk/20140402142426/http://www.oft.gov.uk/OFTwork/mergers/Mergers_Cases/2008/stagecoach-cavalier
BAE Systems plc / Detica Group plc ,OFT closed case: Anticipated acquisition by BAE Systems plc of Detica Group plc ,Mergers,Electronics Industry,Mergers - phase 1 clearance,15-Sep-08,http://webarchive.nationalarchives.gov.uk/20140402142426/http://www.oft.gov.uk/OFTwork/mergers/Mergers_Cases/2008/BAE
Cable and Wireless Group plc / Thus Group plc ,OFT closed case: Proposed acquisition by Cable and Wireless Group plc of the outstanding Thus Group shares ,Mergers,Telecommunications,Mergers - phase 1 clearance,12-Sep-08,http://webarchive.nationalarchives.gov.uk/20140402142426/http://www.oft.gov.uk/OFTwork/mergers/Mergers_Cases/2008/cable
Danoptra Ltd / Inspired Gaming Group plc ,OFT closed case:  Completed acquisition by Danopra Limited of certain assets of Inspired Gaming Group plc,Mergers,Recreation and Leisure,Mergers - phase 1 clearance,9-Sep-08,http://webarchive.nationalarchives.gov.uk/20140402142426/http://www.oft.gov.uk/OFTwork/mergers/Mergers_Cases/2008/Danoptra
Parexel International Corporation / ClinPhone plc ,OFT closed case: Completed acquisition by Parexel International Corporation of ClinPhone plc ,Mergers,Electronics Industry,Mergers - phase 1 clearance,29-Aug-08,http://webarchive.nationalarchives.gov.uk/20140402142426/http://www.oft.gov.uk/OFTwork/mergers/Mergers_Cases/2008/Parexel
Sociedad Anónima Industrias Celulosa Aragonesa of the conventional corrugated board business / SCA Packaging Ltd ,OFT closed case: Anticipated acquisition by Sociedad Anónima Industrias Celulosa Aragonesa of the conventional corrugated board business of SCA Packaging Limited ,Mergers,Paper printing and packaging,Mergers - phase 1 clearance,28-Aug-08,http://webarchive.nationalarchives.gov.uk/20140402142426/http://www.oft.gov.uk/OFTwork/mergers/Mergers_Cases/2008/Sociedad
Brakes Bros Ltd / Woodward Foodservice Ltd ,OFT closed case: Anticipated acquisition by Brakes Bros Limited of Woodward Foodservice Limited ,Mergers,Distribution and Services Industries,Mergers - phase 1 clearance,19-Aug-08,http://webarchive.nationalarchives.gov.uk/20140402142426/http://www.oft.gov.uk/OFTwork/mergers/Mergers_Cases/2008/Brakes
3i Group plc / Uponor Ltd ,OFT closed case: Completed acquisition by 3i Group plc of Uponor Limited ,Mergers,Building and construction,Mergers - phase 1 clearance,7-Aug-08,http://webarchive.nationalarchives.gov.uk/20140402142426/http://www.oft.gov.uk/OFTwork/mergers/Mergers_Cases/2008/3igroup
NorthWest Boookmakers Ltd (Ladbrokes) / McCartan Bookmakers ,"OFT closed case: Completed acquisition by Ladbrokes plc, through North West Bookmakers Ltd, of McCartan Bookmakers",Mergers,Recreation and Leisure,Mergers - phase 1 clearance,1-Aug-08,http://webarchive.nationalarchives.gov.uk/20140402142426/http://www.oft.gov.uk/OFTwork/mergers/Mergers_Cases/2008/NorthWest
FMC Corporation / ISP Holdings (U.K.) Ltd ,OFT closed case: Anticipated acquisition by FMC corporation of the alginates business of ISP Holdings (U.K.) Limited ,Mergers,Chemicals,Mergers - phase 1 clearance,30-Jul-08,http://webarchive.nationalarchives.gov.uk/20140402142426/http://www.oft.gov.uk/OFTwork/mergers/Mergers_Cases/2008/FMC
Interfloor Ltd / Stikatak Ltd ,OFT closed case: Completed acquisition by Interfloor Limited of Stikatak Limited ,Mergers,Building and construction,Mergers - phase 1 clearance,23-Jul-08,http://webarchive.nationalarchives.gov.uk/20140402142426/http://www.oft.gov.uk/OFTwork/mergers/Mergers_Cases/2008/Interfloor
Babcock International Group plc / Strachan & Henshaw ,OFT closed case: Completed acquisition by Babcock International Group plc of the Strachan & Henshaw division of Weir Group plc ,Mergers,Engineering,Mergers - phase 1 clearance,2-Jul-08,http://webarchive.nationalarchives.gov.uk/20140402142426/http://www.oft.gov.uk/OFTwork/mergers/Mergers_Cases/2008/Babcock
Odeon Cinemas Ltd / Cineworld Cinemas Ltd / Carlton Screen Advertising Ltd ,OFT closed case: Anticipated acquisition by Odeon Cinemas Limited and Cineworld Cinemas Limited of Carlton Screen Advertising Limited ,Mergers,Communications,Mergers - phase 1 clearance,1-Jul-08,http://webarchive.nationalarchives.gov.uk/20140402142426/http://www.oft.gov.uk/OFTwork/mergers/Mergers_Cases/2008/odeon
John Thompson Ltd / AB Agri Ltd ,OFT closed case: Anticipated acquisition by John Thompson Limited of the Northern Ireland compound animal feed business and assets of AB Agri Limited ,Mergers,"Agriculture, environment and natural resources",Mergers - phase 1 clearance,24-Jun-08,http://webarchive.nationalarchives.gov.uk/20140402142426/http://www.oft.gov.uk/OFTwork/mergers/Mergers_Cases/2008/john-thompson
Best Buy Co Inc / Carphone Warehouse Group plc ,OFT closed case: Joint venture between Best Buy Co Inc and the Carphone Warehouse Group plc ,Mergers,Telecommunications,Mergers - phase 1 clearance,19-Jun-08,http://webarchive.nationalarchives.gov.uk/20140402142426/http://www.oft.gov.uk/OFTwork/mergers/Mergers_Cases/2008/Bestbuy
Spire Healthcare Ltd / Classic Hospitals Group Ltd ,OFT closed case: Completed acquisition by Spire Healthcare Limited of Classic Hospitals Group Limited ,Mergers,Healthcare and medical equipment,Mergers - phase 1 clearance,18-Jun-08,http://webarchive.nationalarchives.gov.uk/20140402142426/http://www.oft.gov.uk/OFTwork/mergers/Mergers_Cases/2008/spire
Air Products Group / CryoService Ltd ,OFT closed case: Anticipated acquisition by Air Products Group of a controlling interest in CryoService Ltd ,Mergers,Oil and Gas refining and Petrochemicals,Mergers - phase 1 clearance,16-Jun-08,http://webarchive.nationalarchives.gov.uk/20140402142426/http://www.oft.gov.uk/OFTwork/mergers/Mergers_Cases/2008/air-products-group
Ainscough Crane Hire Ltd / James Jack Lifting Services Ltd ,OFT closed case: Completed acquisition by Ainscough Crane Hire Limited of James Jack Lifting Services Limited ,Mergers,Building and construction,Mergers - phase 1 clearance,16-Jun-08,http://webarchive.nationalarchives.gov.uk/20140402142426/http://www.oft.gov.uk/OFTwork/mergers/Mergers_Cases/2008/Ainscough
Fishers Services Ltd / The Sunlight Service Group Ltd ,OFT closed case: Completed acquisition by Fishers Services Limited of assets of The Sunlight Service Group Limited ,Mergers,"Clothing, footwear and fashion",Mergers - phase 1 clearance,13-Jun-08,http://webarchive.nationalarchives.gov.uk/20140402142426/http://www.oft.gov.uk/OFTwork/mergers/Mergers_Cases/2008/Fishers
"BT Group plc / Wire One Holdings, Inc. ","OFT closed case: Anticipated acquisition by BT Group plc of Wire One Holdings, Inc. ",Mergers,Telecommunications,Mergers - phase 1 clearance,21-May-08,http://webarchive.nationalarchives.gov.uk/20140402142426/http://www.oft.gov.uk/OFTwork/mergers/Mergers_Cases/2008/bt
E.ON UK / ABB Holdings Ltd and ABB Ltd. ,OFT closed case: Anticipated acquisition by E.ON UK plc of the public lighting business of ABB Holdings Limited and ABB Limited,Mergers,Energy,Mergers - phase 1 clearance,16-May-08,http://webarchive.nationalarchives.gov.uk/20140402142426/http://www.oft.gov.uk/OFTwork/mergers/Mergers_Cases/2008/E.ON
Genus plc / Local Breeders Ltd ,OFT closed case: Completed acquisition by Genus plc of Local Breeders Limited ,Mergers,"Agriculture, environment and natural resources",Mergers - phase 1 clearance,14-May-08,http://webarchive.nationalarchives.gov.uk/20140402142426/http://www.oft.gov.uk/OFTwork/mergers/Mergers_Cases/2008/Genus
Origin Enterprises plc / Masstock Group Holdings Ltd ,OFT closed case: Completed acquisition by Origin Enterprises plc of Masstock Group Holdings Limited ,Mergers,Chemicals,Mergers - phase 1 clearance,6-May-08,http://webarchive.nationalarchives.gov.uk/20140402142426/http://www.oft.gov.uk/OFTwork/mergers/Mergers_Cases/2008/Origin
G4S plc / Global Solutions Ltd ,OFT closed case: Anticipated acquisition by G4S plc of Global Solutions Limited ,Mergers,"Fire, police and security",Mergers - phase 1 clearance,2-May-08,http://webarchive.nationalarchives.gov.uk/20140402142426/http://www.oft.gov.uk/OFTwork/mergers/Mergers_Cases/2008/G4S
General Healthcare Group / Nuffield Hospitals ,OFT closed case: Completed acquisition by General Healthcare Group of assets of Nuffield Hospitals ,Mergers,Healthcare and medical equipment,Mergers - phase 1 clearance,1-May-08,http://webarchive.nationalarchives.gov.uk/20140402142426/http://www.oft.gov.uk/OFTwork/mergers/Mergers_Cases/2008/General
Tesco Stores Ltd / Somerfield plc ,OFT closed case: Anticipated acquisition by Tesco Stores Limited of a store in Paisley from Somerfield plc ,Mergers,Retail and wholesale,Mergers - phase 1 clearance,30-Apr-08,http://webarchive.nationalarchives.gov.uk/20140402142426/http://www.oft.gov.uk/OFTwork/mergers/Mergers_Cases/2008/Tesco
"MacDonald, Dettwiler and Associates Ltd / Richards Gray Holdings Ltd ","OFT closed case: Completed acquisition by MacDonald, Dettwiler and Associates Limited of Richards Gray Holdings Limited ",Mergers,Financial services,Mergers - phase 1 clearance,30-Apr-08,http://webarchive.nationalarchives.gov.uk/20140402142426/http://www.oft.gov.uk/OFTwork/mergers/Mergers_Cases/2008/MacDonald
CRH plc / Ancon Ltd UK ,OFT closed case: Anticipated acquisition by CRH plc of Ancon Limited UK ,Mergers,Engineering,Mergers - phase 1 clearance,30-Apr-08,http://webarchive.nationalarchives.gov.uk/20140402142426/http://www.oft.gov.uk/OFTwork/mergers/Mergers_Cases/2008/CRH
West Corporation / Genesys S.A. ,OFT closed case: Anticipated acquisition by West Corporation of Genesys S.A. ,Mergers,Communications,Mergers - phase 1 clearance,18-Apr-08,http://webarchive.nationalarchives.gov.uk/20140402142426/http://www.oft.gov.uk/OFTwork/mergers/Mergers_Cases/2008/West-Corp
Ladbrokes Ltd / Eastwood Bookmakers ,OFT closed case: Completed acquisition by Ladbrokes Ltd of Eastwood Bookmakers,Mergers,Recreation and Leisure,Mergers - phase 1 clearance,17-Apr-08,http://webarchive.nationalarchives.gov.uk/20140402142426/http://www.oft.gov.uk/OFTwork/mergers/Mergers_Cases/2008/Ladbrokes
"LOVEFiLM International Ltd / Amazon, Inc. ","OFT closed case: Anticipated acquisition by LOVEFiLM International Limited of the online DVD rental subscription business of Amazon, Inc. ",Mergers,Recreation and Leisure,Mergers - phase 1 clearance,15-Apr-08,http://webarchive.nationalarchives.gov.uk/20140402142426/http://www.oft.gov.uk/OFTwork/mergers/Mergers_Cases/2008/LOVEFiLM
FR Horizon GP Ltd / CHC Helicopter Corporation ,OFT closed case: Anticipated acquisition by FR Horizon GP Limited of CHC Helicopter Corporation ,Mergers,Transport,Mergers - phase 1 clearance,3-Apr-08,http://webarchive.nationalarchives.gov.uk/20140402142426/http://www.oft.gov.uk/OFTwork/mergers/Mergers_Cases/2008/FR-Horizon
FirstGroup plc / Truronian Ltd ,OFT closed case: Anticipated acquisition by FirstGroup plc of Truronian Limited ,Mergers,Transport,Mergers - phase 1 clearance,28-Mar-08,http://webarchive.nationalarchives.gov.uk/20140402142426/http://www.oft.gov.uk/OFTwork/mergers/Mergers_Cases/2008/FirstGroup
Synergy Healthcare plc / Vernon-Carus Ltd ,OFT closed case: Completed acquisition by Synergy Healthcare plc of Vernon-Carus Limited ,Mergers,Chemicals,Mergers - phase 1 clearance,19-Mar-08,http://webarchive.nationalarchives.gov.uk/20140402142426/http://www.oft.gov.uk/OFTwork/mergers/Mergers_Cases/2008/Synergy
Dairy Crest Group plc / East of England Cooperative Society Ltd ,OFT closed case: Completed acquisition by Dairy Crest Group plc of the dairy business of East of England Cooperative Society Limited ,Mergers,"Agriculture, environment and natural resources",Mergers - phase 1 clearance,19-Mar-08,http://webarchive.nationalarchives.gov.uk/20140402142426/http://www.oft.gov.uk/OFTwork/mergers/Mergers_Cases/2008/dairycrest
Go North East / Stanley Taxis ,OFT closed case: Completed acquisition by Go North East of Stanley Taxis ,Mergers,Transport,Mergers - phase 1 clearance,18-Mar-08,http://webarchive.nationalarchives.gov.uk/20140402142426/http://www.oft.gov.uk/OFTwork/mergers/Mergers_Cases/2008/Go-North-East
Littlewoods Shop Direct Group Ltd / Redcats (Brands) Ltd ,OFT closed case: Anticipated acquisition by Littlewoods Shop Direct Group Limited of the agency mail order business of Redcats (Brands) Limited ,Mergers,Retail and wholesale,Mergers - phase 1 clearance,17-Mar-08,http://webarchive.nationalarchives.gov.uk/20140402142426/http://www.oft.gov.uk/OFTwork/mergers/Mergers_Cases/2008/Littlewoods
Seawell Holding (UK) Ltd / Noble Drilling (UK) Ltd ,OFT closed case: Anticipated acquisition by Seawell Holding (UK) Limited of Noble Drilling (UK) Limited ,Mergers,Oil and Gas refining and Petrochemicals,Mergers - phase 1 clearance,13-Mar-08,http://webarchive.nationalarchives.gov.uk/20140402142426/http://www.oft.gov.uk/OFTwork/mergers/Mergers_Cases/2008/Seawell
Barclays Bank plc / Goldfish ,OFT closed case: Anticipated acquisition by Barclays Bank plc of the Goldfish business of Discover Financial Services ,Mergers,Financial services,Mergers - phase 1 clearance,7-Mar-08,http://webarchive.nationalarchives.gov.uk/20140402142426/http://www.oft.gov.uk/OFTwork/mergers/Mergers_Cases/2008/Barclays
Turbo Alpha Ltd / Abbot Group plc ,OFT closed case: Anticipated acquisition by Turbo Alpha Limited of Abbot Group plc,Mergers,Oil and Gas refining and Petrochemicals,Mergers - phase 1 clearance,29-Feb-08,http://webarchive.nationalarchives.gov.uk/20140402142426/http://www.oft.gov.uk/OFTwork/mergers/Mergers_Cases/2008/Turbo
Diageo plc / Nolet Beheer B.V. , Anticipated joint venture between Diageo plc and Nolet Beheer B.V. involving the 'Ketel One' business OFT closed case:,Mergers,Retail and wholesale,Mergers - phase 1 clearance,29-Feb-08,http://webarchive.nationalarchives.gov.uk/20140402142426/http://www.oft.gov.uk/OFTwork/mergers/Mergers_Cases/2008/Diageo
"Deloitte & Touche LLP / Smith Travel Research, Inc. ","OFT closed case: Anticipated joint venture between Deloitte & Touche LLP, Smith Travel Research, Inc. and the Bench Limited ",Mergers,Recreation and Leisure,Mergers - phase 1 clearance,29-Feb-08,http://webarchive.nationalarchives.gov.uk/20140402142426/http://www.oft.gov.uk/OFTwork/mergers/Mergers_Cases/2008/Deloitte
Carillion plc / Alfred McAlpine plc ,OFT closed case: Anticipated acquisition by Carillion plc of Alfred McAlpine plc ,Mergers,Building and construction,Mergers - phase 1 clearance,8-Feb-08,http://webarchive.nationalarchives.gov.uk/20140402142426/http://www.oft.gov.uk/OFTwork/mergers/Mergers_Cases/2008/Carillion
Beacon Global Ltd / Eastman Chemical Company ,OFT closed case:Anticipated acquisition by Beacon Global Limited (Indorama Group) of Eastman Chemical Company’s European PTA and PET resin plants ,Mergers,Chemicals,Mergers - phase 1 clearance,7-Feb-08,http://webarchive.nationalarchives.gov.uk/20140402142426/http://www.oft.gov.uk/OFTwork/mergers/Mergers_Cases/2008/Beacon
Stagecoach Group plc / East Midlands Franchise ,OFT closed case: Completed acquisition by Stagecoach Group plc of the East Midlands Franchise ,Mergers,Transport,Mergers - phase 1 clearance,4-Feb-08,http://webarchive.nationalarchives.gov.uk/20140402142426/http://www.oft.gov.uk/OFTwork/mergers/Mergers_Cases/2008/Stagecoach
CDMG Group / Ferryways NV / Searoads Stevedores NV ,OFT closed case: Completed acquisition by the CdMG Group of companies of Ferryways NV and Searoad Stevedores NV ,Mergers,Transport,Mergers - phase 1 clearance,24-Jan-08,http://webarchive.nationalarchives.gov.uk/20140402142426/http://www.oft.gov.uk/OFTwork/mergers/Mergers_Cases/2008/CDMG
Prosper De Mulder Ltd / Canterbury Mills Ltd ,OFT closed case: Anticipated acquisition by Prosper De Mulder Limited of Canterbury Mills Limited ,Mergers,"Agriculture, environment and natural resources",Mergers - phase 1 clearance,18-Jan-08,http://webarchive.nationalarchives.gov.uk/20140402142426/http://www.oft.gov.uk/OFTwork/mergers/Mergers_Cases/2008/Prosper
easyJet Airline Company Ltd / GB Airways Ltd ,OFT closed case: Anticipated acquisition by easyJet Airline Company Limited of GB Airways Limited ,Mergers,Transport,Mergers - phase 1 clearance,18-Jan-08,http://webarchive.nationalarchives.gov.uk/20140402142426/http://www.oft.gov.uk/OFTwork/mergers/Mergers_Cases/2008/easyJet
"Nike, Inc. / Umbro plc ","OFT closed case: Anticipated acquisition by Nike, Inc. of Umbro plc ",Mergers,Retail and wholesale,Mergers - phase 1 clearance,16-Jan-08,http://webarchive.nationalarchives.gov.uk/20140402142426/http://www.oft.gov.uk/OFTwork/mergers/Mergers_Cases/2008/Nike
Greater Manchester Buses South Ltd / A. Mayne & Son Ltd ,OFT closed case: Anticipated acquisition by Greater Manchester Buses South Limited of A. Mayne & Son Limited ,Mergers,Transport,Mergers - phase 1 clearance,10-Jan-08,http://webarchive.nationalarchives.gov.uk/20140402142426/http://www.oft.gov.uk/OFTwork/mergers/Mergers_Cases/2008/greater-manchester
Capita Group plc / IBS OPENSystems plc ,OFT closed case: Completed acquisition by Capita Group plc of IBS OPENSystems plc ,Mergers,Communications,Mergers - phase 1 referral,19-Nov-08,http://webarchive.nationalarchives.gov.uk/20140402142426/http://www.oft.gov.uk/OFTwork/mergers/Mergers_Cases/2008/Capita
Long Clawson Dairy Ltd / Millway Ltd ,OFT closed case: Completed acquisition by Long Clawson Dairy Limited of Millway Limited ,Mergers,Food manufacturing,Mergers - phase 1 referral,8-Oct-08,http://webarchive.nationalarchives.gov.uk/20140402142426/http://www.oft.gov.uk/OFTwork/mergers/Mergers_Cases/2008/long-clawson
Hospedia Ltd / Premier Telesolutions Ltd ,OFT closed case: Anticipated acquisition by Hospedia Ltd of Premier Telesolutions Limited ,Mergers,Healthcare and medical equipment,Mergers - phase 1 referral,7-Oct-08,http://webarchive.nationalarchives.gov.uk/20140402142426/http://www.oft.gov.uk/OFTwork/mergers/Mergers_Cases/2008/hospedia
Nufarm Ltd / A H Marks Holdings Ltd ,OFT closed case: Completed acquisition by Nufarm Limited of A H Marks Holdings Limited,Mergers,Chemicals,Mergers - phase 1 referral,29-Aug-08,http://webarchive.nationalarchives.gov.uk/20140402142426/http://www.oft.gov.uk/OFTwork/mergers/Mergers_Cases/2008/Nufarm
BBC Worldwide Ltd / Channel Four Television Corporation / ITV plc ,"OFT closed case: Joint venture between BBC Worldwide Limited, Channel Four Television Corporation and ITV plc ",Mergers,Communications,Mergers - phase 1 referral,30-Jun-08,http://webarchive.nationalarchives.gov.uk/20140402142426/http://www.oft.gov.uk/OFTwork/mergers/Mergers_Cases/2008/BBC
BOC Ltd / Ineos Chlor Ltd ,OFT closed case: Anticipated acquisition by BOC Limited of the packaged chlorine business and assets carried on by Ineos Chlor Limited ,Mergers,Chemicals,Mergers - phase 1 referral,29-May-08,http://webarchive.nationalarchives.gov.uk/20140402142426/http://www.oft.gov.uk/OFTwork/mergers/Mergers_Cases/2008/BOC
CineWorld Group plc / Hollywood Green Leisure Park ,"OFT closed case: Anticipated acquisition by CineWorld Group plc, through its subsidiary Cine-UK Limited, of the Cinema Business operating at the Hollywood Green Leisure Park, Wood Green ",Mergers,Recreation and Leisure,Mergers - phase 1 referral,17-Mar-08,http://webarchive.nationalarchives.gov.uk/20140402142426/http://www.oft.gov.uk/OFTwork/mergers/Mergers_Cases/2008/CineWorld
Air France Finance S.A.S / City Jet Ltd / VLM Airlines N.V. ,OFT closed case: Completed acquisition by Air France Finance S.A.S / City Jet Ltd of VLM Airlines N.V. ,Mergers,Transport,Mergers - phase 1 clearance with undertakings in lieu,24-Oct-08,http://webarchive.nationalarchives.gov.uk/20140402142426/http://www.oft.gov.uk/OFTwork/mergers/Mergers_Cases/2008/AirFrance
Home Retail Group plc / Focus (DIY) Ltd ,OFT closed case: Completed acquisition by Home Retail Group plc of 27 stores from Focus (DIY) Ltd,Mergers,Retail and wholesale,Mergers - phase 1 clearance with undertakings in lieu,7-Aug-08,http://webarchive.nationalarchives.gov.uk/20140402142426/http://www.oft.gov.uk/OFTwork/mergers/Mergers_Cases/2008/Home
Dunfermline Press Ltd / Trinity Mirror plc ,OFT closed case: Completed acquisition by Dunfermline Press Limited of the Berkshire Regional Newspapers business from Trinity Mirror plc ,Mergers,Paper printing and packaging,Mergers - phase 1 clearance with undertakings in lieu,7-May-08,http://webarchive.nationalarchives.gov.uk/20140402142426/http://www.oft.gov.uk/OFTwork/mergers/Mergers_Cases/2008/Dunfermline
Co-operative Group Ltd / Somerfield Ltd ,OFT closed case: anticipated acquisition by Co-operative Group Ltd of Somerfield Ltd,Mergers,Retail and wholesale,Mergers - phase 1 clearance with undertakings in lieu,21-Dec-09,http://webarchive.nationalarchives.gov.uk/20140402142426/http://www.oft.gov.uk/OFTwork/mergers/Mergers_Cases/2008/coop-somerfield
Global Radio UK Ltd / GCap Media plc ,OFT closed case: completed acquisition by Global Radio UK Ltd of GCap Media plc,Mergers,Communications,Mergers - phase 1 clearance with undertakings in lieu,1-Jul-09,http://webarchive.nationalarchives.gov.uk/20140402142426/http://www.oft.gov.uk/OFTwork/mergers/Mergers_Cases/2008/globalradio
SRCL Ltd / Cliniserve Holdings Ltd ,OFT closed case: anticipated acquisition by SRCL Ltd of Cliniserve Holdings Ltd,Mergers,Distribution and Services Industries,Mergers - phase 1 clearance with undertakings in lieu,31-Mar-09,http://webarchive.nationalarchives.gov.uk/20140402142426/http://www.oft.gov.uk/OFTwork/mergers/Mergers_Cases/2008/SRCL-Cliniserve
Lloyds TSB plc / HBOS plc ,OFT report to the Secretary of State on Lloyds/HBOS merger,Mergers,Financial services,,31-Oct-08,http://webarchive.nationalarchives.gov.uk/20140402142426/http://www.oft.gov.uk/OFTwork/mergers/Mergers_Cases/2008/Lloyds