Title,Summary,Case type,Market sector,Outcome type,Opened date,Closed date,Archive URL
2 Sisters / Storteboom Group,,Mergers,Food manufacturing,Mergers - phase 1 clearance,2010,,http://webarchive.nationalarchives.gov.uk/20140402142426/http://www.oft.gov.uk/OFTwork/mergers/decisions/2010/2-sisters
Acergy / Subsea 7,,Mergers,Oil and Gas refining and Petrochemicals,Mergers - phase 1 clearance with undertakings in lieu,2010,,http://webarchive.nationalarchives.gov.uk/20140402142426/http://www.oft.gov.uk/OFTwork/mergers/decisions/2011/acergy
Acergy / Subsea 7,,Mergers,Engineering,,2010,,http://webarchive.nationalarchives.gov.uk/20140402142426/http://www.oft.gov.uk/OFTwork/mergers/decisions/2010/Acergy
Aditya / Columbian Chemicals Acquisition LLC,,Mergers,Chemicals,Mergers - phase 1 referral,2010,,http://webarchive.nationalarchives.gov.uk/20140402142426/http://www.oft.gov.uk/OFTwork/mergers/decisions/2011/Aditya
Advent /  Priory Investments Holdings Ltd ,,Mergers,Building and construction,Mergers - phase 1 clearance,2010,,http://webarchive.nationalarchives.gov.uk/20140402142426/http://www.oft.gov.uk/OFTwork/mergers/decisions/2011/advent
AES Ballylumford / Premier Power Limited ,,Mergers,Energy,Mergers - phase 1 clearance,2010,,http://webarchive.nationalarchives.gov.uk/20140402142426/http://www.oft.gov.uk/OFTwork/mergers/decisions/2010/aes-ballyumford
Aggregate / Atlantic Aggregates / Stone Haul,,Mergers,"Mineral extraction, mining and quarrying",Mergers - phase 1 clearance with undertakings in lieu,2010,,http://webarchive.nationalarchives.gov.uk/20140402142426/http://www.oft.gov.uk/OFTwork/mergers/decisions/2010/Aggregate
Ambassador / Live Nation (Venues) UK ,,Mergers,Recreation and Leisure,Mergers - phase 1 clearance,2010,,http://webarchive.nationalarchives.gov.uk/20140402142426/http://www.oft.gov.uk/OFTwork/mergers/decisions/2010/ambassador
AP MÃ¸ller-Maersk / DFDS A/S,,Mergers,Transport,Mergers - phase 1 clearance,2010,,http://webarchive.nationalarchives.gov.uk/20140402142426/http://www.oft.gov.uk/OFTwork/mergers/decisions/2010/ap-moller-maersk
Arriva Northumbria / Go North East Ltd,,Mergers,Transport,Mergers - phase 1 clearance,2010,,http://webarchive.nationalarchives.gov.uk/20140402142426/http://www.oft.gov.uk/OFTwork/mergers/decisions/2010/arriva
Asda,,Mergers,,,2010,,
Asda,,Mergers,,,2010,,http://webarchive.nationalarchives.gov.uk/20140402142426/http://www.oft.gov.uk/OFTwork/mergers/decisions/2010/Asda
Asda / Co-op / Netto Foodstores,,Mergers,Retail and wholesale,,2010,,http://webarchive.nationalarchives.gov.uk/20140402142426/http://www.oft.gov.uk/OFTwork/mergers/decisions/2010/asda
Asda / Netto Foodstores Ltd,,Mergers,Retail and wholesale,,2010,,http://webarchive.nationalarchives.gov.uk/20140402142426/http://www.oft.gov.uk/OFTwork/mergers/decisions/2011/Asda
Asda/ Harwich,,Mergers,Retail and wholesale,,2010,,http://webarchive.nationalarchives.gov.uk/20140402142426/http://www.oft.gov.uk/OFTwork/mergers/decisions/2010/asda-harwich
Asda/Co-operative,,Mergers,Retail and wholesale,,2010,,http://webarchive.nationalarchives.gov.uk/20140402142426/http://www.oft.gov.uk/OFTwork/mergers/decisions/2011/asda-co-operative
Asda2 / Co-op (Kettering),,Mergers,Retail and wholesale,Mergers - phase 1 found not to qualify,2010,,http://webarchive.nationalarchives.gov.uk/20140402142426/http://www.oft.gov.uk/OFTwork/mergers/decisions/2010/asda2
Assa Abloy / Paddock Holdings,,Mergers,"Household goods, furniture and furnishings",Mergers - phase 1 clearance,2010,,http://webarchive.nationalarchives.gov.uk/20140402142426/http://www.oft.gov.uk/OFTwork/mergers/decisions/2010/assa-abloy
Assa Abloy /Agta Record AG ,,Mergers,"Household goods, furniture and furnishings",Mergers - phase 1 clearance,2010,,http://webarchive.nationalarchives.gov.uk/20140402142426/http://www.oft.gov.uk/OFTwork/mergers/decisions/2011/assa-abloy
AtlasCopco / Penlon Ltd,,Mergers,Energy,Mergers - phase 1 clearance,2010,,http://webarchive.nationalarchives.gov.uk/20140402142426/http://www.oft.gov.uk/OFTwork/mergers/decisions/2011/AtlasCopco
Babcock International / VT group,,Mergers,Defence,Mergers - phase 1 clearance,2010,,http://webarchive.nationalarchives.gov.uk/20140402142426/http://www.oft.gov.uk/OFTwork/mergers/decisions/2010/babcock
Bernard Matthews / Lincs Turkeys Ltd,,Mergers,Food manufacturing,Mergers - phase 1 clearance,2010,,http://webarchive.nationalarchives.gov.uk/20140402142426/http://www.oft.gov.uk/OFTwork/mergers/decisions/2010/bernard-matthews
Biolin Scientific / Farfield Group,,Mergers,Engineering,Mergers - phase 1 clearance,2010,,http://webarchive.nationalarchives.gov.uk/20140402142426/http://www.oft.gov.uk/OFTwork/mergers/decisions/2010/Biolin
Bobst / Gordon Ltd,,Mergers,Engineering,Mergers - phase 1 clearance,2010,,http://webarchive.nationalarchives.gov.uk/20140402142426/http://www.oft.gov.uk/OFTwork/mergers/decisions/2011/bobst
Brambles / IFCO Systems N.V,,Mergers,Distribution and Service Industries,Mergers - phase 1 clearance,2010,,http://webarchive.nationalarchives.gov.uk/20140402142426/http://www.oft.gov.uk/OFTwork/mergers/decisions/2011/brambles
British Sky Broadcasting / The Cloud Networks Ltd ,,Mergers,Telecommunications,Mergers - phase 1 found not to qualify,2010,,http://webarchive.nationalarchives.gov.uk/20140402142426/http://www.oft.gov.uk/OFTwork/mergers/decisions/2011/bsb
British Sky Broadcasting / Virgin Media TV,,Mergers,Telecommunications,Mergers - phase 1 clearance,2010,,http://webarchive.nationalarchives.gov.uk/20140402142426/http://www.oft.gov.uk/OFTwork/mergers/decisions/2010/BSB
C&C Group / Constellation Europe,,Mergers,Retail and wholesale,Mergers - phase 1 clearance,2010,,http://webarchive.nationalarchives.gov.uk/20140402142426/http://www.oft.gov.uk/OFTwork/mergers/decisions/2010/CandCGroup
Carlyle Group / Integrated Dental Holdings Group and Associated Dental Practices,,Mergers,Healthcare and medical equipment,,2010,,http://webarchive.nationalarchives.gov.uk/20140402142426/http://www.oft.gov.uk/OFTwork/mergers/decisions/2011/carlyle
Carpetright / Allied Carpet,,Mergers,Retail and wholesale,Mergers - phase 1 clearance,2010,,http://webarchive.nationalarchives.gov.uk/20140402142426/http://www.oft.gov.uk/OFTwork/mergers/decisions/2010/carpetright
Cartonplastgroup / DS Smith,,Mergers,Distribution and Service Industries,Mergers - phase 1 clearance,2010,,http://webarchive.nationalarchives.gov.uk/20140402142426/http://www.oft.gov.uk/OFTwork/mergers/decisions/2010/cartonplastgroup
Centrica / Dynegy,,Mergers,Oil and Gas refining and Petrochemicals,,2010,,http://webarchive.nationalarchives.gov.uk/20140402142426/http://www.oft.gov.uk/OFTwork/mergers/decisions/2010/Centrica
Cineworld / O2,,Mergers,Recreation and Leisure,Mergers - phase 1 clearance,2010,,http://webarchive.nationalarchives.gov.uk/20140402142426/http://www.oft.gov.uk/OFTwork/mergers/decisions/2010/cineworld
Coca-Cola / Fresh Trading Ltd,,Mergers,Retail and wholesale,Mergers - phase 1 found not to qualify,2010,,http://webarchive.nationalarchives.gov.uk/20140402142426/http://www.oft.gov.uk/OFTwork/mergers/decisions/2010/coca-cola
Co-op / PSW,,Mergers,Distribution and Service Industries,Mergers - phase 1 clearance with undertakings in lieu,2010,,http://webarchive.nationalarchives.gov.uk/20140402142426/http://www.oft.gov.uk/OFTwork/mergers/decisions/2010/co-op-psw
Co-operative Group Ltd / GA taylor Funeral Directors,,Mergers,Distribution and Service Industries,Mergers - phase 1 clearance,2010,,http://webarchive.nationalarchives.gov.uk/20140402142426/http://www.oft.gov.uk/OFTwork/mergers/decisions/2010/co-operative1
Dale Farm / Fane Valley Co-op Society,,Mergers,Food manufacturing,Mergers - phase 1 clearance,2010,,http://webarchive.nationalarchives.gov.uk/20140402142426/http://www.oft.gov.uk/OFTwork/mergers/decisions/2010/dale-farm
Dollar / MEM Holdings Ltd,,Mergers,Financial services,Mergers - phase 1 clearance,2010,,http://webarchive.nationalarchives.gov.uk/20140402142426/http://www.oft.gov.uk/OFTwork/mergers/decisions/2011/dollar
Dorf Ketal Chemicals / Johnson Matthey,,Mergers,Chemicals,Mergers - phase 1 referral,2010,,http://webarchive.nationalarchives.gov.uk/20140402142426/http://www.oft.gov.uk/OFTwork/mergers/decisions/2010/dorf-ketal
DS Smith / Otor S.A. ,,Mergers,Paper printing and packaging,Mergers - phase 1 clearance,2010,,http://webarchive.nationalarchives.gov.uk/20140402142426/http://www.oft.gov.uk/OFTwork/mergers/decisions/2010/ds-smith
Eaglemoss / GE Fabbri Ltd,,Mergers,Paper printing and packaging,Mergers - phase 1 clearance,2010,,http://webarchive.nationalarchives.gov.uk/20140402142426/http://www.oft.gov.uk/OFTwork/mergers/decisions/2010/eaglemoss
EDR Landmark Group  / Agryll Environmental Ltd,,Mergers,"Agriculture, environment and nattural resources",Mergers - phase 1 clearance,2010,,http://webarchive.nationalarchives.gov.uk/20140402142426/http://www.oft.gov.uk/OFTwork/mergers/decisions/2010/edr
ESBNI /  NIE / PES,,Mergers,Energy,Mergers - phase 1 clearance,2010,,http://webarchive.nationalarchives.gov.uk/20140402142426/http://www.oft.gov.uk/OFTwork/mergers/decisions/2010/ESBNI
Essilor / Shamir Optical Industry Ltd,,Mergers,Healthcare and medical equipment,Mergers - phase 1 clearance,2010,,http://webarchive.nationalarchives.gov.uk/20140402142426/http://www.oft.gov.uk/OFTwork/mergers/decisions/2010/essilor
FGX Europe / Framed Vision,,Mergers,Healthcare and medical equipment,Mergers - phase 1 clearance,2010,,http://webarchive.nationalarchives.gov.uk/20140402142426/http://www.oft.gov.uk/OFTwork/mergers/decisions/2011/fgx-europe
Fresenius Medical Care / Gambro,,Mergers,Healthcare and medical equipment,Mergers - phase 1 found not to qualify,2010,,http://webarchive.nationalarchives.gov.uk/20140402142426/http://www.oft.gov.uk/OFTwork/mergers/decisions/2010/fresenius
GB Oils,,Mergers,,,2010,,
GB Oils / Brogan Holdings Ltd,,Mergers,Energy,Mergers - phase 1 clearance with undertakings in lieu,2010,,http://webarchive.nationalarchives.gov.uk/20140402142426/http://www.oft.gov.uk/OFTwork/mergers/decisions/2010/GBOils
GB Oils Ltd / Pace Fuelcare Limited,,Mergers,Energy,Mergers - phase 1 clearance with undertakings in lieu,2010,,http://webarchive.nationalarchives.gov.uk/20140402142426/http://www.oft.gov.uk/OFTwork/mergers/decisions/2011/GBOils2
General Healthcare,,Mergers,,,2010,,
General Healthcare / Convent Health / Transform Holdings,,Mergers,Healthcare and medical equipment,Mergers - phase 1 clearance with undertakings in lieu,2010,,http://webarchive.nationalarchives.gov.uk/20140402142426/http://www.oft.gov.uk/OFTwork/mergers/decisions/2010/general-healthcare
Getty / Rex Features,,Mergers,Distribution and Service Industries,Mergers - phase 1 referral,2010,,http://webarchive.nationalarchives.gov.uk/20140402142426/http://www.oft.gov.uk/OFTwork/mergers/decisions/2010/Getty
GHG / Transform Holdings Ltd,,Mergers,Healthcare and medical equipment,(Released from undertakings),2010,,http://webarchive.nationalarchives.gov.uk/20140402142426/http://www.oft.gov.uk/OFTwork/mergers/decisions/2011/798528
Glaxosmithkline / Maxinutrition Group Holdings Limited,,Mergers,Recreation and Leisure,Mergers - phase 1 clearance,2010,,http://webarchive.nationalarchives.gov.uk/20140402142426/http://www.oft.gov.uk/OFTwork/mergers/decisions/2011/glaxosmithkline
Go North East / Arriva,,Mergers,Transport,Mergers - phase 1 clearance,2010,,http://webarchive.nationalarchives.gov.uk/20140402142426/http://www.oft.gov.uk/OFTwork/mergers/decisions/2010/go-north-east
Go-Ahead / Konectbus,,Mergers,Transport,Mergers - phase 1 found not to qualify,2010,,http://webarchive.nationalarchives.gov.uk/20140402142426/http://www.oft.gov.uk/OFTwork/mergers/decisions/2010/goahead-konectbus
Go-Ahead Group / Plymouth CityBus Ltd,,Mergers,Transport,Mergers - phase 1 found not to qualify,2010,,http://webarchive.nationalarchives.gov.uk/20140402142426/http://www.oft.gov.uk/OFTwork/mergers/decisions/2010/go-ahead-group
Grainger Equity Release / Sovereign Rversions,,Mergers,Financial services,Mergers - phase 1 clearance,2010,,http://webarchive.nationalarchives.gov.uk/20140402142426/http://www.oft.gov.uk/OFTwork/mergers/decisions/2010/grainger-equity
Greencore  / Northern Foods,,Mergers,Food manufacturing,(Abandoned),2010,,http://webarchive.nationalarchives.gov.uk/20140402142426/http://www.oft.gov.uk/OFTwork/mergers/decisions/2011/Greencore
Gurit Holding AG / High Modulus International,,Mergers,Engineering,Mergers - phase 1 found not to qualify,2010,,http://webarchive.nationalarchives.gov.uk/20140402142426/http://www.oft.gov.uk/OFTwork/mergers/decisions/2010/Gurit
GXS / Inovis,,Mergers,Electronics Industry,Mergers - phase 1 clearance,2010,,http://webarchive.nationalarchives.gov.uk/20140402142426/http://www.oft.gov.uk/OFTwork/mergers/decisions/2010/gxs
Handicare / Minivator Group,,Mergers,"Household goods, furniture and furnishings",Mergers - phase 1 clearance,2010,,http://webarchive.nationalarchives.gov.uk/20140402142426/http://www.oft.gov.uk/OFTwork/mergers/decisions/2010/handicare
Hanover Insurance Group  / Chaucer Holdings,,Mergers,Financial services,Mergers - phase 1 clearance,2010,,http://webarchive.nationalarchives.gov.uk/20140402142426/http://www.oft.gov.uk/OFTwork/mergers/decisions/2011/hanover
Heineken / Emprex Cerveza,,Mergers,Distribution and Service Industries,Mergers - phase 1 clearance,2010,,http://webarchive.nationalarchives.gov.uk/20140402142426/http://www.oft.gov.uk/OFTwork/mergers/decisions/2010/Heineken
Home Delivery Network Ltd / DHL Express,,Mergers,Distribution and Service Industries,Mergers - phase 1 clearance,2010,,http://webarchive.nationalarchives.gov.uk/20140402142426/http://www.oft.gov.uk/OFTwork/mergers/decisions/2010/home-delivery-network
Hotelplan / Enigma Travel Group,,Mergers,Transport,Mergers - phase 1 found not to qualify,2010,,http://webarchive.nationalarchives.gov.uk/20140402142426/http://www.oft.gov.uk/OFTwork/mergers/decisions/2010/hotelplan
HSBC / MMC,,Mergers,Financial services,Mergers - phase 1 clearance,2010,,http://webarchive.nationalarchives.gov.uk/20140402142426/http://www.oft.gov.uk/OFTwork/mergers/decisions/2010/HSBC
Hunter-Douglas / Faber-Benthin,,Mergers,"Household goods, furniture and furnishings",Mergers - phase 1 clearance,2010,,http://webarchive.nationalarchives.gov.uk/20140402142426/http://www.oft.gov.uk/OFTwork/mergers/decisions/2010/hunter-douglas
ICE / Climate Exchange,,Mergers,"Agriculture, environment and nattural resources",Mergers - phase 1 found not to qualify,2010,,http://webarchive.nationalarchives.gov.uk/20140402142426/http://www.oft.gov.uk/OFTwork/mergers/decisions/2010/intercontinentalexchange
Idox / Grantfinder,,Mergers,Financial services,Mergers - phase 1 clearance,2010,,http://webarchive.nationalarchives.gov.uk/20140402142426/http://www.oft.gov.uk/OFTwork/mergers/decisions/2010/Idox
J C Decaux / Titan Outdoor Advertising,,Mergers,Communications,Mergers - phase 1 clearance,2010,,http://webarchive.nationalarchives.gov.uk/20140402142426/http://www.oft.gov.uk/OFTwork/mergers/decisions/2010/jcdecaux
John Wood / Production Services Network,,Mergers,Oil and Gas refining and Petrochemicals,Mergers - phase 1 clearance,2010,,http://webarchive.nationalarchives.gov.uk/20140402142426/http://www.oft.gov.uk/OFTwork/mergers/decisions/2011/john-wood
Kingspan / CRH Insulation Europe,,Mergers,"Household goods, furniture and furnishings",Mergers - phase 1 clearance,2010,,http://webarchive.nationalarchives.gov.uk/20140402142426/http://www.oft.gov.uk/OFTwork/mergers/decisions/2011/kingspan
KNOC / Dana Petroleum,,Mergers,Oil and Gas refining and Petrochemicals,Mergers - phase 1 clearance,2010,,http://webarchive.nationalarchives.gov.uk/20140402142426/http://www.oft.gov.uk/OFTwork/mergers/decisions/2010/KNOC
Koch / J&H Bunn Ltd,,Mergers,"Agriculture, environment and nattural resources",Mergers - phase 1 clearance,2010,,http://webarchive.nationalarchives.gov.uk/20140402142426/http://www.oft.gov.uk/OFTwork/mergers/decisions/2011/koch
Koppers Inc / Cindu Chemicals,,Mergers,Chemicals,Mergers - phase 1 clearance,2010,,http://webarchive.nationalarchives.gov.uk/20140402142426/http://www.oft.gov.uk/OFTwork/mergers/decisions/2010/Koppers
Lebedev / The Independent / Independent on Sunday,,Mergers,Communications,Mergers - phase 1 found not to qualify,2010,,http://webarchive.nationalarchives.gov.uk/20140402142426/http://www.oft.gov.uk/OFTwork/mergers/decisions/2010/Lebedev
Lightcatch / Tote,,Mergers,Recreation and Leisure,,2010,,http://webarchive.nationalarchives.gov.uk/20140402142426/http://www.oft.gov.uk/OFTwork/mergers/decisions/2011/Lightcatch
London Stock Exchange Group / Turquoise Trading Ltd,,Mergers,Financial services,Mergers - phase 1 clearance,2010,,http://webarchive.nationalarchives.gov.uk/20140402142426/http://www.oft.gov.uk/OFTwork/mergers/decisions/2010/london-stock-exchange
MBL Holdings / Trigold Group Ltd,,Mergers,Financial services,Mergers - phase 1 referral,2010,,http://webarchive.nationalarchives.gov.uk/20140402142426/http://www.oft.gov.uk/OFTwork/mergers/decisions/2011/mbl-holdings
Menswear / Dimensions Clothing Ltd,,Mergers,"Clothing, footwear and fashion",Mergers - phase 1 clearance,2010,,http://webarchive.nationalarchives.gov.uk/20140402142426/http://www.oft.gov.uk/OFTwork/mergers/decisions/2010/menswear
Menswear2 / Alexandra plc,,Mergers,"Clothing, footwear and fashion",Mergers - phase 1 clearance,2010,,http://webarchive.nationalarchives.gov.uk/20140402142426/http://www.oft.gov.uk/OFTwork/mergers/decisions/2010/menswear2
NewsCorp / BSkyB,,Mergers,Communications,,2010,,http://webarchive.nationalarchives.gov.uk/20140402142426/http://www.oft.gov.uk/OFTwork/mergers/decisions/2011/NewsCorp
Northern & Shell Network / CLT-UFA Holdings,,Mergers,Communications,Mergers - phase 1 clearance,2010,,http://webarchive.nationalarchives.gov.uk/20140402142426/http://www.oft.gov.uk/OFTwork/mergers/decisions/2010/northern-shell
OneStop / Mills Group,,Mergers,Retail and wholesale,Mergers - phase 1 clearance,2010,,http://webarchive.nationalarchives.gov.uk/20140402142426/http://www.oft.gov.uk/OFTwork/mergers/decisions/2011/OneStop
Orange UK / T-Mobile,,Mergers,Telecommunications,Mergers - phase 1 referral,2010,,http://webarchive.nationalarchives.gov.uk/20140402142426/http://www.oft.gov.uk/OFTwork/mergers/decisions/2010/Orange
Ordnance Survey / National Address Gazetteer ,,Mergers,Paper printing and packaging,Mergers - phase 1 clearance,2010,,http://webarchive.nationalarchives.gov.uk/20140402142426/http://www.oft.gov.uk/OFTwork/mergers/decisions/2011/ordnance-survey
PHS Teacrate / GB Nationwide Crate Hire,,Mergers,Transport,Mergers - phase 1 clearance,2010,,http://webarchive.nationalarchives.gov.uk/20140402142426/http://www.oft.gov.uk/OFTwork/mergers/decisions/2010/phs-teacrate
Priority New Investments / Affinity Heathcare Holdings Ltd,,Mergers,Healthcare and medical equipment,Mergers - phase 1 clearance,2010,,http://webarchive.nationalarchives.gov.uk/20140402142426/http://www.oft.gov.uk/OFTwork/mergers/decisions/2010/priority
Proctor / Sara Lee Corporation,,Mergers,"Household goods, furniture and furnishings",Mergers - phase 1 referral,2010,,http://webarchive.nationalarchives.gov.uk/20140402142426/http://www.oft.gov.uk/OFTwork/mergers/decisions/2010/proctor
Project Canvas,,Mergers,Communications,Mergers - phase 1 found not to qualify,2010,,http://webarchive.nationalarchives.gov.uk/20140402142426/http://www.oft.gov.uk/OFTwork/mergers/decisions/2010/project-canvas
Ratcliff Palfinger / Ross & Bonnyman Ltd,,Mergers,Transport,Mergers - phase 1 referral,2010,,http://webarchive.nationalarchives.gov.uk/20140402142426/http://www.oft.gov.uk/OFTwork/mergers/decisions/2011/ratcliff-palfinger
Reckitt Benckiser / Combe Incorporated,,Mergers,Healthcare and medical equipment,Mergers - phase 1 clearance,2010,,http://webarchive.nationalarchives.gov.uk/20140402142426/http://www.oft.gov.uk/OFTwork/mergers/decisions/2010/reckitt-benckiser
RREEF / Kelda Holdings Ltd,,Mergers,Utilities,Mergers - phase 1 found not to qualify,2010,,http://webarchive.nationalarchives.gov.uk/20140402142426/http://www.oft.gov.uk/OFTwork/mergers/decisions/2010/RREEF
Scottish Midland / Botterills Convenience Stores Limited ,,Mergers,Retail and wholesale,Mergers - phase 1 found not to qualify,2010,,http://webarchive.nationalarchives.gov.uk/20140402142426/http://www.oft.gov.uk/OFTwork/mergers/decisions/2010/scottish-midland
Securitas / Chubb Security Personnel,,Mergers,"Fire, police and security",Mergers - phase 1 clearance,2010,,http://webarchive.nationalarchives.gov.uk/20140402142426/http://www.oft.gov.uk/OFTwork/mergers/decisions/2011/securitas
Servisair / Aviance UK Ltd,,Mergers,Transport,Mergers - phase 1 clearance,2010,,http://webarchive.nationalarchives.gov.uk/20140402142426/http://www.oft.gov.uk/OFTwork/mergers/decisions/2010/Servisair
Smurfit Kappa / Mondi Group AG,,Mergers,Paper printing and packaging,Mergers - phase 1 clearance,2010,,http://webarchive.nationalarchives.gov.uk/20140402142426/http://www.oft.gov.uk/OFTwork/mergers/decisions/2010/smurfit
Sports Direct / Blacks Leisure Group,,Mergers,Retail and wholesale,Mergers - phase 1 found not to qualify,2010,,http://webarchive.nationalarchives.gov.uk/20140402142426/http://www.oft.gov.uk/OFTwork/mergers/decisions/2010/sports-direct
Stena / DFDS Seaways,,Mergers,Transport,Mergers - phase 1 referral,2010,,http://webarchive.nationalarchives.gov.uk/20140402142426/http://www.oft.gov.uk/OFTwork/mergers/decisions/2011/stena
STS / Butlers,,Mergers,Financial services,Mergers - phase 1 referral,2010,,http://webarchive.nationalarchives.gov.uk/20140402142426/http://www.oft.gov.uk/OFTwork/mergers/decisions/2011/sts
Symington / Cockburn's port brand,,Mergers,Retail and wholesale,Mergers - phase 1 clearance,2010,,http://webarchive.nationalarchives.gov.uk/20140402142426/http://www.oft.gov.uk/OFTwork/mergers/decisions/2010/symington
Thai Union Frozen Prodcts / MW Brand Holdings SAS,,Mergers,Food manufacturing,Mergers - phase 1 clearance,2010,,http://webarchive.nationalarchives.gov.uk/20140402142426/http://www.oft.gov.uk/OFTwork/mergers/decisions/2010/thai-union
Thomas Cook / Co-op / Midlands Co-op,,Mergers,Transport,,2010,,http://webarchive.nationalarchives.gov.uk/20140402142426/http://www.oft.gov.uk/OFTwork/mergers/decisions/2010/ThomasCook
ThomasCook / Co-op,,Mergers,Transport,Mergers - phase 1 referral,2010,,http://webarchive.nationalarchives.gov.uk/20140402142426/http://www.oft.gov.uk/OFTwork/mergers/decisions/2011/ThomasCook2
Towers Watson / EMB Group,,Mergers,Financial services,Mergers - phase 1 clearance,2010,,http://webarchive.nationalarchives.gov.uk/20140402142426/http://www.oft.gov.uk/OFTwork/mergers/decisions/2011/towers-watson
Travis Perkins / BSS Group,,Mergers,Retail and wholesale,Mergers - phase 1 clearance with undertakings in lieu,2010,,http://webarchive.nationalarchives.gov.uk/20140402142426/http://www.oft.gov.uk/OFTwork/mergers/decisions/2010/travis-perkins
TravisPerkins,,Mergers,,Mergers - phase 1 clearance with undertakings in lieu,2010,,http://webarchive.nationalarchives.gov.uk/20140402142426/http://www.oft.gov.uk/OFTwork/mergers/decisions/2010/travis-perkins1
TravisPerkins / BSS group,,Mergers,Retail and wholesale,Mergers - phase 1 clearance with undertakings in lieu,2010,,http://webarchive.nationalarchives.gov.uk/20140402142426/http://www.oft.gov.uk/OFTwork/mergers/decisions/2011/TravisPerkins
Trelleborg / Premia Group,,Mergers,Transport,Mergers - phase 1 clearance,2010,,http://webarchive.nationalarchives.gov.uk/20140402142426/http://www.oft.gov.uk/OFTwork/mergers/decisions/2011/trelleborg
Trinity Mirror / Guardian Media,,Mergers,Paper printing and packaging,Mergers - phase 1 clearance,2010,,http://webarchive.nationalarchives.gov.uk/20140402142426/http://www.oft.gov.uk/OFTwork/mergers/decisions/2010/trinity-mirror
Unilever / Alberto Culver Co,,Mergers,"Clothing, footwear and fashion",Mergers - phase 1 clearance with undertakings in lieu,2010,,http://webarchive.nationalarchives.gov.uk/20140402142426/http://www.oft.gov.uk/OFTwork/mergers/decisions/2011/unilever2
Vitacress / Van Heyningen Brothers Ltd,,Mergers,"Agriculture, environment and nattural resources",Mergers - phase 1 clearance,2010,,http://webarchive.nationalarchives.gov.uk/20140402142426/http://www.oft.gov.uk/OFTwork/mergers/decisions/2010/vitacress
Vix technology / Advanced Communication / Information Systems Ltd,,Mergers,Transport,Mergers - phase 1 found not to qualify,2010,,http://webarchive.nationalarchives.gov.uk/20140402142426/http://www.oft.gov.uk/OFTwork/mergers/decisions/2010/vix
Zipcar / Streetcar Ltd,,Mergers,Transport,Mergers - phase 1 referral,2010,,http://webarchive.nationalarchives.gov.uk/20140402142426/http://www.oft.gov.uk/OFTwork/mergers/decisions/2010/Zipcar
Walstead / St Ives Web Division,,Mergers,Financial services,Mergers - phase 1 found not to qualify,2011,5/19/01,http://webarchive.nationalarchives.gov.uk/20140402142426/http://www.oft.gov.uk/OFTwork/mergers/decisions/2011/walstead
Northern Foods / BH Acquistions Ltd,,Mergers,Food manufacturing,Mergers - phase 1 clearance,2011,4/6/11,http://webarchive.nationalarchives.gov.uk/20140402142426/http://www.oft.gov.uk/OFTwork/mergers/decisions/2011/northern-foods
Idox / Lalpac Ltd,,Mergers,Communications,Mergers - phase 1 clearance,2011,4/20/11,http://webarchive.nationalarchives.gov.uk/20140402142426/http://www.oft.gov.uk/OFTwork/mergers/decisions/2011/idox
"Asda, Kings Lynn / Anglia ",,Mergers,Retail and wholesale,Mergers - phase 1 found not to qualify,2011,5/17/11,http://webarchive.nationalarchives.gov.uk/20140402142426/http://www.oft.gov.uk/OFTwork/mergers/decisions/2011/Asda_KingsLynn
Silos / Cleancorp UK Ltd,,Mergers,"Agriculture, environment and nattural resources",Mergers - phase 1 clearance,2011,6/3/11,http://webarchive.nationalarchives.gov.uk/20140402142426/http://www.oft.gov.uk/OFTwork/mergers/decisions/2011/silos
Danone / Complan Foods Ltd,,Mergers,Pharmaceuticals,Mergers - phase 1 clearance,2011,6/8/11,http://webarchive.nationalarchives.gov.uk/20140402142426/http://www.oft.gov.uk/OFTwork/mergers/decisions/2011/danone
Pearson / Education Development International,,Mergers,Distribution and Service Industries,Mergers - phase 1 clearance,2011,6/10/11,http://webarchive.nationalarchives.gov.uk/20140402142426/http://www.oft.gov.uk/OFTwork/mergers/decisions/2011/pearson
Rentokil / Connaught plc,,Mergers,Chemicals,Mergers - phase 1 clearance,2011,6/13/11,http://webarchive.nationalarchives.gov.uk/20140402142426/http://www.oft.gov.uk/OFTwork/mergers/decisions/2011/rentokil
Capita Group / Tribal Group,,Mergers,Building and construction,Mergers - phase 1 found not to qualify,2011,6/14/11,http://webarchive.nationalarchives.gov.uk/20140402142426/http://www.oft.gov.uk/OFTwork/mergers/decisions/2011/capita-group
EADS / Vector Aerospace Corporation,,Mergers,Transport,Mergers - phase 1 clearance,2011,6/14/11,http://webarchive.nationalarchives.gov.uk/20140402142426/http://www.oft.gov.uk/OFTwork/mergers/decisions/2011/eads
BATS Trading / Chi-X Europe,,Mergers,Distribution and Service Industries,Mergers - phase 1 referral,2011,6/20/11,http://webarchive.nationalarchives.gov.uk/20140402142426/http://www.oft.gov.uk/OFTwork/mergers/decisions/2011/bats
Capital / Trafford Centre ,,Mergers,Recreation and Leisure,Mergers - phase 1 clearance,2011,6/21/11,http://webarchive.nationalarchives.gov.uk/20140402142426/http://www.oft.gov.uk/OFTwork/mergers/decisions/2011/capital
Peel / Pinewood Shepperton,,Mergers,Electronics Industry,Mergers - phase 1 clearance,2011,6/21/11,http://webarchive.nationalarchives.gov.uk/20140402142426/http://www.oft.gov.uk/OFTwork/mergers/decisions/2011/peel
Princes / Premier Foods Ltd,,Mergers,Food manufacturing,Mergers - phase 1 clearance with undertakings in lieu,2011,6/22/11,http://webarchive.nationalarchives.gov.uk/20140402142426/http://www.oft.gov.uk/OFTwork/mergers/decisions/2011/princes
John Zink / Hamworthy Combustion Group,,Mergers,Energy,Mergers - phase 1 found not to qualify,2011,6/23/11,http://webarchive.nationalarchives.gov.uk/20140402142426/http://www.oft.gov.uk/OFTwork/mergers/decisions/2011/john-zink
Guoco / Rank Group,,Mergers,Recreation and Leisure,Mergers - phase 1 clearance,2011,6/27/11,http://webarchive.nationalarchives.gov.uk/20140402142426/http://www.oft.gov.uk/OFTwork/mergers/decisions/2011/guoco
Google / BeatThatQuote.com,,Mergers,Financial services,Mergers - phase 1 clearance,2011,7/1/11,http://webarchive.nationalarchives.gov.uk/20140402142426/http://www.oft.gov.uk/OFTwork/mergers/decisions/2011/google
Kingfisher / Focus Ltd / Do It All Ltd,,Mergers,"Household goods, furniture and furnishings",Mergers - phase 1 clearance,2011,7/7/11,http://webarchive.nationalarchives.gov.uk/20140402142426/http://www.oft.gov.uk/OFTwork/mergers/decisions/2011/kingfisher
Virgin Active / Esporta Racquets & Non-Racquets Holdings Ltd ,,Mergers,Recreation and Leisure,Mergers - phase 1 clearance,2011,7/11/11,http://webarchive.nationalarchives.gov.uk/20140402142426/http://www.oft.gov.uk/OFTwork/mergers/decisions/2011/VirginActive
Kerry Foods / Headland Foods Ltd,,Mergers,Food manufacturing,Mergers - phase 1 referral,2011,7/12/11,http://webarchive.nationalarchives.gov.uk/20140402142426/http://www.oft.gov.uk/OFTwork/mergers/decisions/2011/kerry
Digital Healthcare / Orion Imaging Ltd,,Mergers,Healthcare and medical equipment,Mergers - phase 1 clearance,2011,7/14/11,http://webarchive.nationalarchives.gov.uk/20140402142426/http://www.oft.gov.uk/OFTwork/mergers/decisions/2011/DigitalHealthcare
Hearst / Lagardere,,Mergers,Paper printing and packaging,Mergers - phase 1 clearance,2011,7/19/11,http://webarchive.nationalarchives.gov.uk/20140402142426/http://www.oft.gov.uk/OFTwork/mergers/decisions/2011/hearst
Smiths News / Dawson Holdings,,Mergers,Distribution and Service Industries,Mergers - phase 1 clearance,2011,7/19/11,http://webarchive.nationalarchives.gov.uk/20140402142426/http://www.oft.gov.uk/OFTwork/mergers/decisions/2011/smiths-news
Diamond Foods / Proctor & Gamble,,Mergers,Food manufacturing,Mergers - phase 1 clearance,2011,7/27/11,http://webarchive.nationalarchives.gov.uk/20140402142426/http://www.oft.gov.uk/OFTwork/mergers/decisions/2011/DiamondFoods
Scientific Games Corporation / Barcrest Group / Cyberview Technology,,Mergers,Recreation and Leisure,Mergers - phase 1 clearance,2011,7/27/11,http://webarchive.nationalarchives.gov.uk/20140402142426/http://www.oft.gov.uk/OFTwork/mergers/decisions/2011/ScientificGamesCorporation
Sims Metal Management / Dunn Brothers,,Mergers,Retail and wholesale,Mergers - phase 1 clearance,2011,8/11/11,http://webarchive.nationalarchives.gov.uk/20140402142426/http://www.oft.gov.uk/OFTwork/mergers/decisions/2011/sims
Survitec / Cosalt,,Mergers,Transport,Mergers - phase 1 clearance,2011,8/17/11,http://webarchive.nationalarchives.gov.uk/20140402142426/http://www.oft.gov.uk/OFTwork/mergers/decisions/2011/Survitec-Cosalt
Survitec / SOLAS,,Mergers,Transport,Mergers - phase 1 clearance,2011,8/17/11,http://webarchive.nationalarchives.gov.uk/20140402142426/http://www.oft.gov.uk/OFTwork/mergers/decisions/2011/Survitec-SOLAS
Stericycle / Ecowaste Southwest Ltd,,Mergers,Distribution and Service Industries,Mergers - phase 1 referral,2011,8/25/11,http://webarchive.nationalarchives.gov.uk/20140402142426/http://www.oft.gov.uk/OFTwork/mergers/decisions/2011/Stericycle
Level 3 Communications / Global Crossing Ltd,,Mergers,Telecommunications,Mergers - phase 1 clearance,2011,8/30/11,http://webarchive.nationalarchives.gov.uk/20140402142426/http://www.oft.gov.uk/OFTwork/mergers/decisions/2011/level3-communications
AB Agri Ltd / Uffculme Feed Mill,,Mergers,"Agriculture, environment and nattural resources",Mergers - phase 1 clearance,2011,9/1/11,http://webarchive.nationalarchives.gov.uk/20140402142426/http://www.oft.gov.uk/OFTwork/mergers/decisions/2011/ab-agri
Anglo American / Lafarge S.A. ,,Mergers,Building and construction,Mergers - phase 1 referral,2011,9/2/11,http://webarchive.nationalarchives.gov.uk/20140402142426/http://www.oft.gov.uk/OFTwork/mergers/decisions/2011/anglo-american
Hypercom / Verifone Systems,,Mergers,Telecommunications,Mergers - phase 1 found not to qualify,2011,9/9/11,http://webarchive.nationalarchives.gov.uk/20140402142426/http://www.oft.gov.uk/OFTwork/mergers/decisions/2011/hypercom
Tramlink Nottingham / NET Line One and NET Phase Two,,Mergers,Transport,Mergers - phase 1 clearance,2011,9/12/11,http://webarchive.nationalarchives.gov.uk/20140402142426/http://www.oft.gov.uk/OFTwork/mergers/decisions/2011/tramlink-nottingham
Elekta AB / Nucletron BV,,Mergers,Healthcare and medical equipment,Mergers - phase 1 clearance,2011,9/13/11,http://webarchive.nationalarchives.gov.uk/20140402142426/http://www.oft.gov.uk/OFTwork/mergers/decisions/2011/elekta
Jones Lang LaSalle / King Sturge,,Mergers,Financial services,Mergers - phase 1 clearance,2011,9/13/11,http://webarchive.nationalarchives.gov.uk/20140402142426/http://www.oft.gov.uk/OFTwork/mergers/decisions/2011/jones-lang
Origin Fertilisers / CM Fertilisers Ltd,,Mergers,"Agriculture, environment and nattural resources",Mergers - phase 1 clearance,2011,9/14/11,http://webarchive.nationalarchives.gov.uk/20140402142426/http://www.oft.gov.uk/OFTwork/mergers/decisions/2011/origin-fertilisers
Capita Group / NorthgateArinso,,Mergers,Communications,Mergers - phase 1 found not to qualify,2011,9/22/11,http://webarchive.nationalarchives.gov.uk/20140402142426/http://www.oft.gov.uk/OFTwork/mergers/decisions/2011/capita-northgatearinso
Lonza Group / Arch Chemicals,,Mergers,Chemicals,Mergers - phase 1 found not to qualify,2011,9/22/11,http://webarchive.nationalarchives.gov.uk/20140402142426/http://www.oft.gov.uk/OFTwork/mergers/decisions/2011/lonza-group
Greencore Foods / Uniq plc,,Mergers,Distribution and Service Industries,Mergers - phase 1 clearance,2011,9/23/11,http://webarchive.nationalarchives.gov.uk/20140402142426/http://www.oft.gov.uk/OFTwork/mergers/decisions/2011/greencore-foods
"Asda, East of England",,Mergers,Retail and wholesale,Mergers - phase 1 found not to qualify,2011,9/26/11,http://webarchive.nationalarchives.gov.uk/20140402142426/http://www.oft.gov.uk/OFTwork/mergers/decisions/2011/asda-east-england
GB Oils / Pace Fuelcare Ltd,,Mergers,Transport,Mergers - phase 1 clearance with undertakings in lieu,2011,9/27/11,http://webarchive.nationalarchives.gov.uk/20140402142426/http://www.oft.gov.uk/OFTwork/mergers/decisions/2011/gb-oils
Ryder Ltd / Hill Hire plc,,Mergers,Transport,Mergers - phase 1 clearance,2011,10/3/11,http://webarchive.nationalarchives.gov.uk/20140402142426/http://www.oft.gov.uk/OFTwork/mergers/decisions/2011/ryder
Sports Universal / Prozone Group Ltd,,Mergers,Communications,Mergers - phase 1 clearance,2011,10/3/11,http://webarchive.nationalarchives.gov.uk/20140402142426/http://www.oft.gov.uk/OFTwork/mergers/decisions/2011/sports-universal
Odeon Cinema Holdings / Reel Cinemas Ltd,,Mergers,Recreation and Leisure,Mergers - phase 1 clearance,2011,10/6/11,http://webarchive.nationalarchives.gov.uk/20140402142426/http://www.oft.gov.uk/OFTwork/mergers/decisions/2011/odeon
Alpha Flight Group / LSG Lufthansa Service Holding AG ,,Mergers,Distribution and Service Industries,Mergers - phase 1 referral,2011,10/10/11,http://webarchive.nationalarchives.gov.uk/20140402142426/http://www.oft.gov.uk/OFTwork/mergers/decisions/2011/alpha
Carefusion /  Rowa Automatisierungssysteme GmbH ,,Mergers,Healthcare and medical equipment,Mergers - phase 1 found not to qualify,2011,10/12/11,http://webarchive.nationalarchives.gov.uk/20140402142426/http://www.oft.gov.uk/OFTwork/mergers/decisions/2011/carefusion
Exponent Private Equity  /BBC Worldwide,,Mergers,Paper printing and packaging,Mergers - phase 1 clearance,2011,10/17/11,http://webarchive.nationalarchives.gov.uk/20140402142426/http://www.oft.gov.uk/OFTwork/mergers/decisions/2011/exponent
INRIX / ITIS Holdings,,Mergers,Transport,Mergers - phase 1 found not to qualify,2011,10/17/11,http://webarchive.nationalarchives.gov.uk/20140402142426/http://www.oft.gov.uk/OFTwork/mergers/decisions/2011/INRIX
KMG / Northcliffe Media Ltd,,Mergers,Paper printing and packaging,Mergers - phase 1 referral,2011,10/18/11,http://webarchive.nationalarchives.gov.uk/20140402142426/http://www.oft.gov.uk/OFTwork/mergers/decisions/2011/KMG
LSE / FSA,,Mergers,Financial services,Mergers - phase 1 clearance,2011,10/18/11,http://webarchive.nationalarchives.gov.uk/20140402142426/http://www.oft.gov.uk/OFTwork/mergers/decisions/2011/LSE
Vivendi SA / 'See Tickets',,Mergers,Distribution and Service Industries,Mergers - phase 1 found not to qualify,2011,10/19/11,http://webarchive.nationalarchives.gov.uk/20140402142426/http://www.oft.gov.uk/OFTwork/mergers/decisions/2011/vivendi
Rontec / Total,,Mergers,Retail and wholesale,Mergers - phase 1 clearance with undertakings in lieu,2011,10/20/11,http://webarchive.nationalarchives.gov.uk/20140402142426/http://www.oft.gov.uk/OFTwork/mergers/decisions/2011/Rontec
Western Union / Tral Business Paymentsvelex Globa,,Mergers,Financial services,Mergers - phase 1 clearance,2011,10/24/11,http://webarchive.nationalarchives.gov.uk/20140402142426/http://www.oft.gov.uk/OFTwork/mergers/decisions/2011/western-union
"Amazon.com, Inc / The Book Depository International Ltd",,Mergers,Retail and wholesale,Mergers - phase 1 clearance,2011,10/26/11,http://webarchive.nationalarchives.gov.uk/20140402142426/http://www.oft.gov.uk/OFTwork/mergers/decisions/2011/amazon
Richard Burbidge Ltd  / FW Mason & Sons,,Mergers,"Household goods, furniture and furnishings",Mergers - phase 1 clearance,2011,10/26/11,http://webarchive.nationalarchives.gov.uk/20140402142426/http://www.oft.gov.uk/OFTwork/mergers/decisions/2011/richard-burbidge
Sims Group / S3 Interactive Ltd,,Mergers,Telecommunications,Mergers - phase 1 found not to qualify,2011,11/15/11,http://webarchive.nationalarchives.gov.uk/20140402142426/http://www.oft.gov.uk/OFTwork/mergers/decisions/2011/sims-group
Electruepart / Espares Ltd,,Mergers,"Household goods, furniture and furnishings",Mergers - phase 1 clearance,2011,11/22/11,http://webarchive.nationalarchives.gov.uk/20140402142426/http://www.oft.gov.uk/OFTwork/mergers/decisions/2011/electruepart
GBGroup / Capscan Ltd,,Mergers,Financial services,Mergers - phase 1 found not to qualify,2011,11/22/11,http://webarchive.nationalarchives.gov.uk/20140402142426/http://www.oft.gov.uk/OFTwork/mergers/decisions/2011/GBGroup
Cavendish Square Partners / Apollo Group Holdings Ltd ,,Mergers,Electronics Industry,Mergers - phase 1 clearance,2011,11/24/11,http://webarchive.nationalarchives.gov.uk/20140402142426/http://www.oft.gov.uk/OFTwork/mergers/decisions/2011/Cavendish2
Cavendish Square Partners / Lakeside ,,Mergers,Electronics Industry,Mergers - phase 1 clearance,2011,11/24/11,http://webarchive.nationalarchives.gov.uk/20140402142426/http://www.oft.gov.uk/OFTwork/mergers/decisions/2011/Cavendish
Tesco Stores / Budgens,,Mergers,Retail and wholesale,Mergers - phase 1 found not to qualify,2011,11/24/11,http://webarchive.nationalarchives.gov.uk/20140402142426/http://www.oft.gov.uk/OFTwork/mergers/decisions/2011/tesco-stores
Investec / Evolution Group,,Mergers,Financial services,Mergers - phase 1 clearance,2011,11/25/11,http://webarchive.nationalarchives.gov.uk/20140402142426/http://www.oft.gov.uk/OFTwork/mergers/decisions/2011/investec
Unifrax / Saffil,,Mergers,Chemicals,Mergers - phase 1 clearance,2011,11/29/11,http://webarchive.nationalarchives.gov.uk/20140402142426/http://www.oft.gov.uk/OFTwork/mergers/decisions/2011/unifrax
Monaghan / Mushrooms,,Mergers,"Agriculture, environment and nattural resources",Mergers - phase 1 clearance,2011,12/2/11,http://webarchive.nationalarchives.gov.uk/20140402142426/http://www.oft.gov.uk/OFTwork/mergers/decisions/2011/Monaghan
Capita Group / Vertex Private Sector ,,Mergers,Distribution and Service Industries,Mergers - phase 1 found not to qualify,2011,12/5/11,http://webarchive.nationalarchives.gov.uk/20140402142426/http://www.oft.gov.uk/OFTwork/mergers/decisions/2011/capita
One Equity Partners / Linpac,,Mergers,Paper printing and packaging,Mergers - phase 1 clearance,2011,12/6/11,http://webarchive.nationalarchives.gov.uk/20140402142426/http://www.oft.gov.uk/OFTwork/mergers/decisions/2011/OneEquityPartners
Autobar / Provend Group Ltd,,Mergers,Distribution and Service Industries,Mergers - phase 1 found not to qualify,2011,12/20/11,http://webarchive.nationalarchives.gov.uk/20140402142426/http://www.oft.gov.uk/OFTwork/mergers/decisions/2011/Autobar